Review,Sentiment
Worst purchase ever. Complete waste of money.,0
I hate this item. It is completely useless.,0
Terrible product. It broke after one day of use.,0
Terrible product. It broke after one day of use.,0
Absolutely love it. The best purchase Ive made this year.,1
Defective out of the box. Extremely frustrating.,0
"Very poor performance, incredibly slow and buggy.",0
I am very disappointed. It does not work as advertised.,0
Not worth the price. Cheap materials and bad design.,0
Superb build quality and excellent performance.,1
Worst purchase ever. Complete waste of money.,0
Superb build quality and excellent performance.,1
"Very poor performance, incredibly slow and buggy.",0
I am very disappointed. It does not work as advertised.,0
Defective out of the box. Extremely frustrating.,0
Not worth the price. Cheap materials and bad design.,0
This product is amazing and works perfectly!,1
I am very disappointed. It does not work as advertised.,0
Worst purchase ever. Complete waste of money.,0
The battery life is amazing and the screen is super clear.,1
Not worth the price. Cheap materials and bad design.,0
Fantastic value for the money. Highly recommended.,1
Absolutely love it. The best purchase Ive made this year.,1
I hate this item. It is completely useless.,0
This product is amazing and works perfectly!,1
Works great and looks beautiful. Five stars!,1
Absolutely love it. The best purchase Ive made this year.,1
"Very poor performance, incredibly slow and buggy.",0
The quality is awful and the customer service was rude.,0
I hate this item. It is completely useless.,0
Superb build quality and excellent performance.,1
The battery life is amazing and the screen is super clear.,1
Worst purchase ever. Complete waste of money.,0
The battery life is amazing and the screen is super clear.,1
This product is amazing and works perfectly!,1
"Incredible experience, I will definitely buy again.",1
I hate this item. It is completely useless.,0
Do not buy this. It is a scam and poorly made.,0
Worst purchase ever. Complete waste of money.,0
The battery life is amazing and the screen is super clear.,1
"Incredible experience, I will definitely buy again.",1
Superb build quality and excellent performance.,1
"High quality, fast shipping, and great customer service.",1
Do not buy this. It is a scam and poorly made.,0
The battery life is amazing and the screen is super clear.,1
Very happy with this product. It does exactly what it says.,1
Do not buy this. It is a scam and poorly made.,0
Worst purchase ever. Complete waste of money.,0
The battery life is amazing and the screen is super clear.,1
I hate this item. It is completely useless.,0
Terrible product. It broke after one day of use.,0
Not worth the price. Cheap materials and bad design.,0
Absolutely love it. The best purchase Ive made this year.,1
Defective out of the box. Extremely frustrating.,0
I am very satisfied with this item. It exceeds expectations.,1
This product is amazing and works perfectly!,1
I hate this item. It is completely useless.,0
This product is amazing and works perfectly!,1
Absolutely love it. The best purchase Ive made this year.,1
Terrible product. It broke after one day of use.,0
Superb build quality and excellent performance.,1
Fantastic value for the money. Highly recommended.,1
The quality is awful and the customer service was rude.,0
The battery life is amazing and the screen is super clear.,1
Do not buy this. It is a scam and poorly made.,0
The quality is awful and the customer service was rude.,0
The quality is awful and the customer service was rude.,0
"Very poor performance, incredibly slow and buggy.",0
This product is amazing and works perfectly!,1
I am very disappointed. It does not work as advertised.,0
Very happy with this product. It does exactly what it says.,1
I am very satisfied with this item. It exceeds expectations.,1
Terrible product. It broke after one day of use.,0
Worst purchase ever. Complete waste of money.,0
"High quality, fast shipping, and great customer service.",1
The battery life is amazing and the screen is super clear.,1
The quality is awful and the customer service was rude.,0
The battery life is amazing and the screen is super clear.,1
Not worth the price. Cheap materials and bad design.,0
Very happy with this product. It does exactly what it says.,1
Not worth the price. Cheap materials and bad design.,0
Superb build quality and excellent performance.,1
Works great and looks beautiful. Five stars!,1
Very happy with this product. It does exactly what it says.,1
"Incredible experience, I will definitely buy again.",1
Defective out of the box. Extremely frustrating.,0
Defective out of the box. Extremely frustrating.,0
Do not buy this. It is a scam and poorly made.,0
I am very disappointed. It does not work as advertised.,0
Very happy with this product. It does exactly what it says.,1
"High quality, fast shipping, and great customer service.",1
Absolutely love it. The best purchase Ive made this year.,1
The quality is awful and the customer service was rude.,0
"Incredible experience, I will definitely buy again.",1
I hate this item. It is completely useless.,0
Superb build quality and excellent performance.,1
Do not buy this. It is a scam and poorly made.,0
"Incredible experience, I will definitely buy again.",1
I am very satisfied with this item. It exceeds expectations.,1
"Very poor performance, incredibly slow and buggy.",0
"Very poor performance, incredibly slow and buggy.",0
Absolutely love it. The best purchase Ive made this year.,1
"Very poor performance, incredibly slow and buggy.",0
Superb build quality and excellent performance.,1
Arrived damaged and the return process is a nightmare.,0
Do not buy this. It is a scam and poorly made.,0
Do not buy this. It is a scam and poorly made.,0
Not worth the price. Cheap materials and bad design.,0
"Incredible experience, I will definitely buy again.",1
I hate this item. It is completely useless.,0
Defective out of the box. Extremely frustrating.,0
I am very disappointed. It does not work as advertised.,0
Arrived damaged and the return process is a nightmare.,0
"Very poor performance, incredibly slow and buggy.",0
Superb build quality and excellent performance.,1
"High quality, fast shipping, and great customer service.",1
Fantastic value for the money. Highly recommended.,1
Defective out of the box. Extremely frustrating.,0
Do not buy this. It is a scam and poorly made.,0
Fantastic value for the money. Highly recommended.,1
The quality is awful and the customer service was rude.,0
Works great and looks beautiful. Five stars!,1
I am very disappointed. It does not work as advertised.,0
This product is amazing and works perfectly!,1
Very happy with this product. It does exactly what it says.,1
Not worth the price. Cheap materials and bad design.,0
I am very disappointed. It does not work as advertised.,0
Works great and looks beautiful. Five stars!,1
I hate this item. It is completely useless.,0
Terrible product. It broke after one day of use.,0
Not worth the price. Cheap materials and bad design.,0
Not worth the price. Cheap materials and bad design.,0
Works great and looks beautiful. Five stars!,1
Arrived damaged and the return process is a nightmare.,0
Not worth the price. Cheap materials and bad design.,0
Works great and looks beautiful. Five stars!,1
This product is amazing and works perfectly!,1
Works great and looks beautiful. Five stars!,1
Works great and looks beautiful. Five stars!,1
"High quality, fast shipping, and great customer service.",1
Fantastic value for the money. Highly recommended.,1
Very happy with this product. It does exactly what it says.,1
Worst purchase ever. Complete waste of money.,0
Absolutely love it. The best purchase Ive made this year.,1
I am very disappointed. It does not work as advertised.,0
Do not buy this. It is a scam and poorly made.,0
Terrible product. It broke after one day of use.,0
Fantastic value for the money. Highly recommended.,1
The quality is awful and the customer service was rude.,0
Absolutely love it. The best purchase Ive made this year.,1
I am very disappointed. It does not work as advertised.,0
"Incredible experience, I will definitely buy again.",1
I hate this item. It is completely useless.,0
The battery life is amazing and the screen is super clear.,1
Worst purchase ever. Complete waste of money.,0
"High quality, fast shipping, and great customer service.",1
The battery life is amazing and the screen is super clear.,1
I hate this item. It is completely useless.,0
This product is amazing and works perfectly!,1
Do not buy this. It is a scam and poorly made.,0
Arrived damaged and the return process is a nightmare.,0
I hate this item. It is completely useless.,0
Not worth the price. Cheap materials and bad design.,0
Terrible product. It broke after one day of use.,0
Arrived damaged and the return process is a nightmare.,0
Defective out of the box. Extremely frustrating.,0
"Incredible experience, I will definitely buy again.",1
Not worth the price. Cheap materials and bad design.,0
Fantastic value for the money. Highly recommended.,1
This product is amazing and works perfectly!,1
Absolutely love it. The best purchase Ive made this year.,1
The battery life is amazing and the screen is super clear.,1
This product is amazing and works perfectly!,1
Not worth the price. Cheap materials and bad design.,0
Superb build quality and excellent performance.,1
I am very satisfied with this item. It exceeds expectations.,1
Fantastic value for the money. Highly recommended.,1
The battery life is amazing and the screen is super clear.,1
The quality is awful and the customer service was rude.,0
I hate this item. It is completely useless.,0
Fantastic value for the money. Highly recommended.,1
Terrible product. It broke after one day of use.,0
Very happy with this product. It does exactly what it says.,1
"Very poor performance, incredibly slow and buggy.",0
Arrived damaged and the return process is a nightmare.,0
Very happy with this product. It does exactly what it says.,1
Works great and looks beautiful. Five stars!,1
Works great and looks beautiful. Five stars!,1
The quality is awful and the customer service was rude.,0
Not worth the price. Cheap materials and bad design.,0
Defective out of the box. Extremely frustrating.,0
Not worth the price. Cheap materials and bad design.,0
"Very poor performance, incredibly slow and buggy.",0
The battery life is amazing and the screen is super clear.,1
I am very satisfied with this item. It exceeds expectations.,1
"Incredible experience, I will definitely buy again.",1
"High quality, fast shipping, and great customer service.",1
"Incredible experience, I will definitely buy again.",1
I am very disappointed. It does not work as advertised.,0
"Incredible experience, I will definitely buy again.",1
The battery life is amazing and the screen is super clear.,1
Arrived damaged and the return process is a nightmare.,0
Arrived damaged and the return process is a nightmare.,0
I hate this item. It is completely useless.,0
"Very poor performance, incredibly slow and buggy.",0
"Very poor performance, incredibly slow and buggy.",0
Works great and looks beautiful. Five stars!,1
Defective out of the box. Extremely frustrating.,0
Works great and looks beautiful. Five stars!,1
Do not buy this. It is a scam and poorly made.,0
Works great and looks beautiful. Five stars!,1
Absolutely love it. The best purchase Ive made this year.,1
Arrived damaged and the return process is a nightmare.,0
I hate this item. It is completely useless.,0
Arrived damaged and the return process is a nightmare.,0
Absolutely love it. The best purchase Ive made this year.,1
Do not buy this. It is a scam and poorly made.,0
The battery life is amazing and the screen is super clear.,1
I hate this item. It is completely useless.,0
Defective out of the box. Extremely frustrating.,0
Works great and looks beautiful. Five stars!,1
Do not buy this. It is a scam and poorly made.,0
Arrived damaged and the return process is a nightmare.,0
The battery life is amazing and the screen is super clear.,1
"Very poor performance, incredibly slow and buggy.",0
"High quality, fast shipping, and great customer service.",1
Do not buy this. It is a scam and poorly made.,0
This product is amazing and works perfectly!,1
Do not buy this. It is a scam and poorly made.,0
"Very poor performance, incredibly slow and buggy.",0
Fantastic value for the money. Highly recommended.,1
Do not buy this. It is a scam and poorly made.,0
Absolutely love it. The best purchase Ive made this year.,1
Arrived damaged and the return process is a nightmare.,0
I am very satisfied with this item. It exceeds expectations.,1
Absolutely love it. The best purchase Ive made this year.,1
Absolutely love it. The best purchase Ive made this year.,1
I am very disappointed. It does not work as advertised.,0
"High quality, fast shipping, and great customer service.",1
I am very satisfied with this item. It exceeds expectations.,1
I am very satisfied with this item. It exceeds expectations.,1
Fantastic value for the money. Highly recommended.,1
Do not buy this. It is a scam and poorly made.,0
Not worth the price. Cheap materials and bad design.,0
Superb build quality and excellent performance.,1
The battery life is amazing and the screen is super clear.,1
This product is amazing and works perfectly!,1
Very happy with this product. It does exactly what it says.,1
Fantastic value for the money. Highly recommended.,1
Superb build quality and excellent performance.,1
"High quality, fast shipping, and great customer service.",1
Worst purchase ever. Complete waste of money.,0
Not worth the price. Cheap materials and bad design.,0
Do not buy this. It is a scam and poorly made.,0
"Incredible experience, I will definitely buy again.",1
I am very satisfied with this item. It exceeds expectations.,1
Not worth the price. Cheap materials and bad design.,0
"Very poor performance, incredibly slow and buggy.",0
The quality is awful and the customer service was rude.,0
Works great and looks beautiful. Five stars!,1
Worst purchase ever. Complete waste of money.,0
Works great and looks beautiful. Five stars!,1
Very happy with this product. It does exactly what it says.,1
Superb build quality and excellent performance.,1
Very happy with this product. It does exactly what it says.,1
Defective out of the box. Extremely frustrating.,0
Defective out of the box. Extremely frustrating.,0
This product is amazing and works perfectly!,1
Worst purchase ever. Complete waste of money.,0
Absolutely love it. The best purchase Ive made this year.,1
This product is amazing and works perfectly!,1
"Incredible experience, I will definitely buy again.",1
Terrible product. It broke after one day of use.,0
This product is amazing and works perfectly!,1
I am very disappointed. It does not work as advertised.,0
The battery life is amazing and the screen is super clear.,1
Superb build quality and excellent performance.,1
I am very disappointed. It does not work as advertised.,0
Absolutely love it. The best purchase Ive made this year.,1
I am very disappointed. It does not work as advertised.,0
I hate this item. It is completely useless.,0
I hate this item. It is completely useless.,0
The battery life is amazing and the screen is super clear.,1
This product is amazing and works perfectly!,1
Absolutely love it. The best purchase Ive made this year.,1
I hate this item. It is completely useless.,0
The battery life is amazing and the screen is super clear.,1
The battery life is amazing and the screen is super clear.,1
Very happy with this product. It does exactly what it says.,1
Terrible product. It broke after one day of use.,0
"Very poor performance, incredibly slow and buggy.",0
"Very poor performance, incredibly slow and buggy.",0
Worst purchase ever. Complete waste of money.,0
Fantastic value for the money. Highly recommended.,1
"High quality, fast shipping, and great customer service.",1
"Incredible experience, I will definitely buy again.",1
Arrived damaged and the return process is a nightmare.,0
"Incredible experience, I will definitely buy again.",1
Very happy with this product. It does exactly what it says.,1
Works great and looks beautiful. Five stars!,1
Worst purchase ever. Complete waste of money.,0
This product is amazing and works perfectly!,1
"High quality, fast shipping, and great customer service.",1
"High quality, fast shipping, and great customer service.",1
Defective out of the box. Extremely frustrating.,0
Not worth the price. Cheap materials and bad design.,0
Fantastic value for the money. Highly recommended.,1
"Very poor performance, incredibly slow and buggy.",0
Do not buy this. It is a scam and poorly made.,0
I hate this item. It is completely useless.,0
Do not buy this. It is a scam and poorly made.,0
Terrible product. It broke after one day of use.,0
Worst purchase ever. Complete waste of money.,0
I hate this item. It is completely useless.,0
"Incredible experience, I will definitely buy again.",1
I am very satisfied with this item. It exceeds expectations.,1
"Incredible experience, I will definitely buy again.",1
"High quality, fast shipping, and great customer service.",1
Defective out of the box. Extremely frustrating.,0
"High quality, fast shipping, and great customer service.",1
The battery life is amazing and the screen is super clear.,1
"Incredible experience, I will definitely buy again.",1
"High quality, fast shipping, and great customer service.",1
Defective out of the box. Extremely frustrating.,0
I hate this item. It is completely useless.,0
"Very poor performance, incredibly slow and buggy.",0
"High quality, fast shipping, and great customer service.",1
Works great and looks beautiful. Five stars!,1
Worst purchase ever. Complete waste of money.,0
I am very satisfied with this item. It exceeds expectations.,1
I am very disappointed. It does not work as advertised.,0
Absolutely love it. The best purchase Ive made this year.,1
The quality is awful and the customer service was rude.,0
Not worth the price. Cheap materials and bad design.,0
This product is amazing and works perfectly!,1
Superb build quality and excellent performance.,1
"Very poor performance, incredibly slow and buggy.",0
I hate this item. It is completely useless.,0
The quality is awful and the customer service was rude.,0
The quality is awful and the customer service was rude.,0
Very happy with this product. It does exactly what it says.,1
Fantastic value for the money. Highly recommended.,1
"High quality, fast shipping, and great customer service.",1
Works great and looks beautiful. Five stars!,1
Fantastic value for the money. Highly recommended.,1
This product is amazing and works perfectly!,1
The quality is awful and the customer service was rude.,0
I am very disappointed. It does not work as advertised.,0
This product is amazing and works perfectly!,1
Not worth the price. Cheap materials and bad design.,0
Absolutely love it. The best purchase Ive made this year.,1
Fantastic value for the money. Highly recommended.,1
Arrived damaged and the return process is a nightmare.,0
The battery life is amazing and the screen is super clear.,1
Absolutely love it. The best purchase Ive made this year.,1
Absolutely love it. The best purchase Ive made this year.,1
This product is amazing and works perfectly!,1
Fantastic value for the money. Highly recommended.,1
Superb build quality and excellent performance.,1
Fantastic value for the money. Highly recommended.,1
I am very satisfied with this item. It exceeds expectations.,1
Terrible product. It broke after one day of use.,0
Works great and looks beautiful. Five stars!,1
This product is amazing and works perfectly!,1
Fantastic value for the money. Highly recommended.,1
"Incredible experience, I will definitely buy again.",1
I am very disappointed. It does not work as advertised.,0
I am very satisfied with this item. It exceeds expectations.,1
"Incredible experience, I will definitely buy again.",1
The quality is awful and the customer service was rude.,0
The battery life is amazing and the screen is super clear.,1
Arrived damaged and the return process is a nightmare.,0
This product is amazing and works perfectly!,1
I am very satisfied with this item. It exceeds expectations.,1
Superb build quality and excellent performance.,1
Arrived damaged and the return process is a nightmare.,0
"Incredible experience, I will definitely buy again.",1
I am very satisfied with this item. It exceeds expectations.,1
Terrible product. It broke after one day of use.,0
I am very disappointed. It does not work as advertised.,0
"Incredible experience, I will definitely buy again.",1
Works great and looks beautiful. Five stars!,1
The quality is awful and the customer service was rude.,0
Fantastic value for the money. Highly recommended.,1
This product is amazing and works perfectly!,1
I am very disappointed. It does not work as advertised.,0
Terrible product. It broke after one day of use.,0
"High quality, fast shipping, and great customer service.",1
Terrible product. It broke after one day of use.,0
Do not buy this. It is a scam and poorly made.,0
Works great and looks beautiful. Five stars!,1
Absolutely love it. The best purchase Ive made this year.,1
"Very poor performance, incredibly slow and buggy.",0
"Incredible experience, I will definitely buy again.",1
Defective out of the box. Extremely frustrating.,0
Superb build quality and excellent performance.,1
Works great and looks beautiful. Five stars!,1
"High quality, fast shipping, and great customer service.",1
I hate this item. It is completely useless.,0
I hate this item. It is completely useless.,0
Fantastic value for the money. Highly recommended.,1
Very happy with this product. It does exactly what it says.,1
Not worth the price. Cheap materials and bad design.,0
Worst purchase ever. Complete waste of money.,0
Defective out of the box. Extremely frustrating.,0
Do not buy this. It is a scam and poorly made.,0
"Very poor performance, incredibly slow and buggy.",0
"Incredible experience, I will definitely buy again.",1
Absolutely love it. The best purchase Ive made this year.,1
I hate this item. It is completely useless.,0
"Very poor performance, incredibly slow and buggy.",0
Terrible product. It broke after one day of use.,0
Worst purchase ever. Complete waste of money.,0
Fantastic value for the money. Highly recommended.,1
I hate this item. It is completely useless.,0
Terrible product. It broke after one day of use.,0
The quality is awful and the customer service was rude.,0
The quality is awful and the customer service was rude.,0
Defective out of the box. Extremely frustrating.,0
Very happy with this product. It does exactly what it says.,1
"Incredible experience, I will definitely buy again.",1
Arrived damaged and the return process is a nightmare.,0
I am very satisfied with this item. It exceeds expectations.,1
Defective out of the box. Extremely frustrating.,0
I am very satisfied with this item. It exceeds expectations.,1
Very happy with this product. It does exactly what it says.,1
I am very satisfied with this item. It exceeds expectations.,1
Absolutely love it. The best purchase Ive made this year.,1
Defective out of the box. Extremely frustrating.,0
"High quality, fast shipping, and great customer service.",1
Works great and looks beautiful. Five stars!,1
This product is amazing and works perfectly!,1
Fantastic value for the money. Highly recommended.,1
Superb build quality and excellent performance.,1
"Incredible experience, I will definitely buy again.",1
"High quality, fast shipping, and great customer service.",1
"High quality, fast shipping, and great customer service.",1
"Incredible experience, I will definitely buy again.",1
Worst purchase ever. Complete waste of money.,0
Arrived damaged and the return process is a nightmare.,0
I am very satisfied with this item. It exceeds expectations.,1
The quality is awful and the customer service was rude.,0
Terrible product. It broke after one day of use.,0
I am very disappointed. It does not work as advertised.,0
Arrived damaged and the return process is a nightmare.,0
The quality is awful and the customer service was rude.,0
I am very disappointed. It does not work as advertised.,0
Superb build quality and excellent performance.,1
Arrived damaged and the return process is a nightmare.,0
I am very disappointed. It does not work as advertised.,0
Arrived damaged and the return process is a nightmare.,0
I am very disappointed. It does not work as advertised.,0
I am very satisfied with this item. It exceeds expectations.,1
I am very satisfied with this item. It exceeds expectations.,1
"Incredible experience, I will definitely buy again.",1
Do not buy this. It is a scam and poorly made.,0
Arrived damaged and the return process is a nightmare.,0
Not worth the price. Cheap materials and bad design.,0
Works great and looks beautiful. Five stars!,1
"High quality, fast shipping, and great customer service.",1
Fantastic value for the money. Highly recommended.,1
I am very satisfied with this item. It exceeds expectations.,1
Defective out of the box. Extremely frustrating.,0
Worst purchase ever. Complete waste of money.,0
This product is amazing and works perfectly!,1
Fantastic value for the money. Highly recommended.,1
Fantastic value for the money. Highly recommended.,1
Very happy with this product. It does exactly what it says.,1
Arrived damaged and the return process is a nightmare.,0
Very happy with this product. It does exactly what it says.,1
The battery life is amazing and the screen is super clear.,1
"High quality, fast shipping, and great customer service.",1
Terrible product. It broke after one day of use.,0
The battery life is amazing and the screen is super clear.,1
Superb build quality and excellent performance.,1
Defective out of the box. Extremely frustrating.,0
Worst purchase ever. Complete waste of money.,0
I am very disappointed. It does not work as advertised.,0
Arrived damaged and the return process is a nightmare.,0
I am very disappointed. It does not work as advertised.,0
Worst purchase ever. Complete waste of money.,0
Fantastic value for the money. Highly recommended.,1
Absolutely love it. The best purchase Ive made this year.,1
Superb build quality and excellent performance.,1
I am very disappointed. It does not work as advertised.,0
I am very satisfied with this item. It exceeds expectations.,1
"High quality, fast shipping, and great customer service.",1
The battery life is amazing and the screen is super clear.,1
Very happy with this product. It does exactly what it says.,1
Very happy with this product. It does exactly what it says.,1
"Very poor performance, incredibly slow and buggy.",0
I hate this item. It is completely useless.,0
"Very poor performance, incredibly slow and buggy.",0
This product is amazing and works perfectly!,1
Superb build quality and excellent performance.,1
"Incredible experience, I will definitely buy again.",1
Fantastic value for the money. Highly recommended.,1
Superb build quality and excellent performance.,1
Terrible product. It broke after one day of use.,0
The quality is awful and the customer service was rude.,0
Terrible product. It broke after one day of use.,0
Very happy with this product. It does exactly what it says.,1
Works great and looks beautiful. Five stars!,1
Worst purchase ever. Complete waste of money.,0
I am very disappointed. It does not work as advertised.,0
Terrible product. It broke after one day of use.,0
Do not buy this. It is a scam and poorly made.,0
I am very satisfied with this item. It exceeds expectations.,1
"Very poor performance, incredibly slow and buggy.",0
Worst purchase ever. Complete waste of money.,0
Very happy with this product. It does exactly what it says.,1
Defective out of the box. Extremely frustrating.,0
Works great and looks beautiful. Five stars!,1
Works great and looks beautiful. Five stars!,1
Fantastic value for the money. Highly recommended.,1
Defective out of the box. Extremely frustrating.,0
"High quality, fast shipping, and great customer service.",1
The battery life is amazing and the screen is super clear.,1
I am very disappointed. It does not work as advertised.,0
"High quality, fast shipping, and great customer service.",1
Superb build quality and excellent performance.,1
"Very poor performance, incredibly slow and buggy.",0
Worst purchase ever. Complete waste of money.,0
This product is amazing and works perfectly!,1
Absolutely love it. The best purchase Ive made this year.,1
Worst purchase ever. Complete waste of money.,0
I am very disappointed. It does not work as advertised.,0
I am very satisfied with this item. It exceeds expectations.,1
Terrible product. It broke after one day of use.,0
I am very satisfied with this item. It exceeds expectations.,1
Defective out of the box. Extremely frustrating.,0
"Incredible experience, I will definitely buy again.",1
The quality is awful and the customer service was rude.,0
Fantastic value for the money. Highly recommended.,1
Do not buy this. It is a scam and poorly made.,0
Fantastic value for the money. Highly recommended.,1
I am very satisfied with this item. It exceeds expectations.,1
Works great and looks beautiful. Five stars!,1
Terrible product. It broke after one day of use.,0
Superb build quality and excellent performance.,1
"Incredible experience, I will definitely buy again.",1
Absolutely love it. The best purchase Ive made this year.,1
Superb build quality and excellent performance.,1
Very happy with this product. It does exactly what it says.,1
Very happy with this product. It does exactly what it says.,1
I am very disappointed. It does not work as advertised.,0
The quality is awful and the customer service was rude.,0
Arrived damaged and the return process is a nightmare.,0
Worst purchase ever. Complete waste of money.,0
Superb build quality and excellent performance.,1
Superb build quality and excellent performance.,1
I am very satisfied with this item. It exceeds expectations.,1
I am very disappointed. It does not work as advertised.,0
Very happy with this product. It does exactly what it says.,1
I am very disappointed. It does not work as advertised.,0
The quality is awful and the customer service was rude.,0
The battery life is amazing and the screen is super clear.,1
"Incredible experience, I will definitely buy again.",1
Superb build quality and excellent performance.,1
The battery life is amazing and the screen is super clear.,1
Works great and looks beautiful. Five stars!,1
Not worth the price. Cheap materials and bad design.,0
Do not buy this. It is a scam and poorly made.,0
"Very poor performance, incredibly slow and buggy.",0
I am very satisfied with this item. It exceeds expectations.,1
I am very satisfied with this item. It exceeds expectations.,1
Arrived damaged and the return process is a nightmare.,0
Fantastic value for the money. Highly recommended.,1
Absolutely love it. The best purchase Ive made this year.,1
"Very poor performance, incredibly slow and buggy.",0
The battery life is amazing and the screen is super clear.,1
Fantastic value for the money. Highly recommended.,1
"Very poor performance, incredibly slow and buggy.",0
This product is amazing and works perfectly!,1
I am very satisfied with this item. It exceeds expectations.,1
I hate this item. It is completely useless.,0
"High quality, fast shipping, and great customer service.",1
This product is amazing and works perfectly!,1
The battery life is amazing and the screen is super clear.,1
Arrived damaged and the return process is a nightmare.,0
This product is amazing and works perfectly!,1
The battery life is amazing and the screen is super clear.,1
Not worth the price. Cheap materials and bad design.,0
Terrible product. It broke after one day of use.,0
Defective out of the box. Extremely frustrating.,0
Very happy with this product. It does exactly what it says.,1
I hate this item. It is completely useless.,0
Terrible product. It broke after one day of use.,0
"Incredible experience, I will definitely buy again.",1
Works great and looks beautiful. Five stars!,1
Works great and looks beautiful. Five stars!,1
Defective out of the box. Extremely frustrating.,0
I hate this item. It is completely useless.,0
Do not buy this. It is a scam and poorly made.,0
Defective out of the box. Extremely frustrating.,0
Fantastic value for the money. Highly recommended.,1
Very happy with this product. It does exactly what it says.,1
The quality is awful and the customer service was rude.,0
Not worth the price. Cheap materials and bad design.,0
I am very disappointed. It does not work as advertised.,0
Very happy with this product. It does exactly what it says.,1
Very happy with this product. It does exactly what it says.,1
"High quality, fast shipping, and great customer service.",1
Works great and looks beautiful. Five stars!,1
I hate this item. It is completely useless.,0
Do not buy this. It is a scam and poorly made.,0
This product is amazing and works perfectly!,1
Works great and looks beautiful. Five stars!,1
"Very poor performance, incredibly slow and buggy.",0
"Very poor performance, incredibly slow and buggy.",0
This product is amazing and works perfectly!,1
Absolutely love it. The best purchase Ive made this year.,1
Not worth the price. Cheap materials and bad design.,0
The quality is awful and the customer service was rude.,0
I am very disappointed. It does not work as advertised.,0
Arrived damaged and the return process is a nightmare.,0
Not worth the price. Cheap materials and bad design.,0
I hate this item. It is completely useless.,0
Do not buy this. It is a scam and poorly made.,0
Works great and looks beautiful. Five stars!,1
Not worth the price. Cheap materials and bad design.,0
Very happy with this product. It does exactly what it says.,1
Worst purchase ever. Complete waste of money.,0
Absolutely love it. The best purchase Ive made this year.,1
Superb build quality and excellent performance.,1
Worst purchase ever. Complete waste of money.,0
"Incredible experience, I will definitely buy again.",1
Worst purchase ever. Complete waste of money.,0
Terrible product. It broke after one day of use.,0
Arrived damaged and the return process is a nightmare.,0
The quality is awful and the customer service was rude.,0
This product is amazing and works perfectly!,1
I am very satisfied with this item. It exceeds expectations.,1
Defective out of the box. Extremely frustrating.,0
I hate this item. It is completely useless.,0
Works great and looks beautiful. Five stars!,1
Superb build quality and excellent performance.,1
Do not buy this. It is a scam and poorly made.,0
Very happy with this product. It does exactly what it says.,1
Worst purchase ever. Complete waste of money.,0
Fantastic value for the money. Highly recommended.,1
The battery life is amazing and the screen is super clear.,1
Very happy with this product. It does exactly what it says.,1
Arrived damaged and the return process is a nightmare.,0
Fantastic value for the money. Highly recommended.,1
The battery life is amazing and the screen is super clear.,1
I hate this item. It is completely useless.,0
Terrible product. It broke after one day of use.,0
Do not buy this. It is a scam and poorly made.,0
Worst purchase ever. Complete waste of money.,0
Fantastic value for the money. Highly recommended.,1
Do not buy this. It is a scam and poorly made.,0
Do not buy this. It is a scam and poorly made.,0
I am very disappointed. It does not work as advertised.,0
Not worth the price. Cheap materials and bad design.,0
Terrible product. It broke after one day of use.,0
Not worth the price. Cheap materials and bad design.,0
Defective out of the box. Extremely frustrating.,0
"High quality, fast shipping, and great customer service.",1
Defective out of the box. Extremely frustrating.,0
"High quality, fast shipping, and great customer service.",1
Worst purchase ever. Complete waste of money.,0
I am very disappointed. It does not work as advertised.,0
Arrived damaged and the return process is a nightmare.,0
Absolutely love it. The best purchase Ive made this year.,1
Superb build quality and excellent performance.,1
Defective out of the box. Extremely frustrating.,0
I am very satisfied with this item. It exceeds expectations.,1
Absolutely love it. The best purchase Ive made this year.,1
The battery life is amazing and the screen is super clear.,1
Terrible product. It broke after one day of use.,0
"Very poor performance, incredibly slow and buggy.",0
Terrible product. It broke after one day of use.,0
The quality is awful and the customer service was rude.,0
The battery life is amazing and the screen is super clear.,1
I am very satisfied with this item. It exceeds expectations.,1
Absolutely love it. The best purchase Ive made this year.,1
I am very satisfied with this item. It exceeds expectations.,1
Arrived damaged and the return process is a nightmare.,0
Very happy with this product. It does exactly what it says.,1
Defective out of the box. Extremely frustrating.,0
I am very disappointed. It does not work as advertised.,0
The quality is awful and the customer service was rude.,0
"Incredible experience, I will definitely buy again.",1
I hate this item. It is completely useless.,0
Superb build quality and excellent performance.,1
"High quality, fast shipping, and great customer service.",1
Worst purchase ever. Complete waste of money.,0
I am very satisfied with this item. It exceeds expectations.,1
I am very satisfied with this item. It exceeds expectations.,1
"Very poor performance, incredibly slow and buggy.",0
Worst purchase ever. Complete waste of money.,0
I am very disappointed. It does not work as advertised.,0
The quality is awful and the customer service was rude.,0
Worst purchase ever. Complete waste of money.,0
"High quality, fast shipping, and great customer service.",1
Terrible product. It broke after one day of use.,0
Very happy with this product. It does exactly what it says.,1
Fantastic value for the money. Highly recommended.,1
This product is amazing and works perfectly!,1
Defective out of the box. Extremely frustrating.,0
Terrible product. It broke after one day of use.,0
Not worth the price. Cheap materials and bad design.,0
Terrible product. It broke after one day of use.,0
"Very poor performance, incredibly slow and buggy.",0
"Incredible experience, I will definitely buy again.",1
Very happy with this product. It does exactly what it says.,1
Superb build quality and excellent performance.,1
Terrible product. It broke after one day of use.,0
Worst purchase ever. Complete waste of money.,0
Not worth the price. Cheap materials and bad design.,0
Not worth the price. Cheap materials and bad design.,0
"Incredible experience, I will definitely buy again.",1
I am very satisfied with this item. It exceeds expectations.,1
Works great and looks beautiful. Five stars!,1
Superb build quality and excellent performance.,1
I am very satisfied with this item. It exceeds expectations.,1
I am very disappointed. It does not work as advertised.,0
Defective out of the box. Extremely frustrating.,0
I am very satisfied with this item. It exceeds expectations.,1
Defective out of the box. Extremely frustrating.,0
Very happy with this product. It does exactly what it says.,1
Not worth the price. Cheap materials and bad design.,0
The battery life is amazing and the screen is super clear.,1
I am very satisfied with this item. It exceeds expectations.,1
This product is amazing and works perfectly!,1
"High quality, fast shipping, and great customer service.",1
I am very satisfied with this item. It exceeds expectations.,1
"High quality, fast shipping, and great customer service.",1
"Incredible experience, I will definitely buy again.",1
Superb build quality and excellent performance.,1
Works great and looks beautiful. Five stars!,1
The quality is awful and the customer service was rude.,0
Arrived damaged and the return process is a nightmare.,0
"Very poor performance, incredibly slow and buggy.",0
Arrived damaged and the return process is a nightmare.,0
I hate this item. It is completely useless.,0
The battery life is amazing and the screen is super clear.,1
I hate this item. It is completely useless.,0
"High quality, fast shipping, and great customer service.",1
Do not buy this. It is a scam and poorly made.,0
Terrible product. It broke after one day of use.,0
Arrived damaged and the return process is a nightmare.,0
I am very disappointed. It does not work as advertised.,0
The battery life is amazing and the screen is super clear.,1
Worst purchase ever. Complete waste of money.,0
Arrived damaged and the return process is a nightmare.,0
The quality is awful and the customer service was rude.,0
"Very poor performance, incredibly slow and buggy.",0
Not worth the price. Cheap materials and bad design.,0
Do not buy this. It is a scam and poorly made.,0
Do not buy this. It is a scam and poorly made.,0
Terrible product. It broke after one day of use.,0
Superb build quality and excellent performance.,1
The quality is awful and the customer service was rude.,0
Not worth the price. Cheap materials and bad design.,0
Very happy with this product. It does exactly what it says.,1
Not worth the price. Cheap materials and bad design.,0
Absolutely love it. The best purchase Ive made this year.,1
Superb build quality and excellent performance.,1
"High quality, fast shipping, and great customer service.",1
Worst purchase ever. Complete waste of money.,0
"High quality, fast shipping, and great customer service.",1
Not worth the price. Cheap materials and bad design.,0
I hate this item. It is completely useless.,0
Worst purchase ever. Complete waste of money.,0
I am very satisfied with this item. It exceeds expectations.,1
Worst purchase ever. Complete waste of money.,0
The quality is awful and the customer service was rude.,0
I am very satisfied with this item. It exceeds expectations.,1
Arrived damaged and the return process is a nightmare.,0
"Very poor performance, incredibly slow and buggy.",0
Very happy with this product. It does exactly what it says.,1
Defective out of the box. Extremely frustrating.,0
This product is amazing and works perfectly!,1
Defective out of the box. Extremely frustrating.,0
Not worth the price. Cheap materials and bad design.,0
"Incredible experience, I will definitely buy again.",1
"Incredible experience, I will definitely buy again.",1
Do not buy this. It is a scam and poorly made.,0
I hate this item. It is completely useless.,0
The quality is awful and the customer service was rude.,0
"High quality, fast shipping, and great customer service.",1
Superb build quality and excellent performance.,1
Fantastic value for the money. Highly recommended.,1
Fantastic value for the money. Highly recommended.,1
I am very disappointed. It does not work as advertised.,0
Do not buy this. It is a scam and poorly made.,0
"High quality, fast shipping, and great customer service.",1
Very happy with this product. It does exactly what it says.,1
Arrived damaged and the return process is a nightmare.,0
Not worth the price. Cheap materials and bad design.,0
I hate this item. It is completely useless.,0
Defective out of the box. Extremely frustrating.,0
Arrived damaged and the return process is a nightmare.,0
Not worth the price. Cheap materials and bad design.,0
Arrived damaged and the return process is a nightmare.,0
I am very disappointed. It does not work as advertised.,0
Arrived damaged and the return process is a nightmare.,0
"Very poor performance, incredibly slow and buggy.",0
"Very poor performance, incredibly slow and buggy.",0
I hate this item. It is completely useless.,0
I hate this item. It is completely useless.,0
Arrived damaged and the return process is a nightmare.,0
Works great and looks beautiful. Five stars!,1
"High quality, fast shipping, and great customer service.",1
Defective out of the box. Extremely frustrating.,0
The battery life is amazing and the screen is super clear.,1
Do not buy this. It is a scam and poorly made.,0
Works great and looks beautiful. Five stars!,1
Terrible product. It broke after one day of use.,0
This product is amazing and works perfectly!,1
Do not buy this. It is a scam and poorly made.,0
Terrible product. It broke after one day of use.,0
I hate this item. It is completely useless.,0
I hate this item. It is completely useless.,0
Do not buy this. It is a scam and poorly made.,0
I am very disappointed. It does not work as advertised.,0
Works great and looks beautiful. Five stars!,1
I am very disappointed. It does not work as advertised.,0
This product is amazing and works perfectly!,1
The quality is awful and the customer service was rude.,0
Do not buy this. It is a scam and poorly made.,0
Terrible product. It broke after one day of use.,0
This product is amazing and works perfectly!,1
I am very disappointed. It does not work as advertised.,0
Defective out of the box. Extremely frustrating.,0
Superb build quality and excellent performance.,1
"High quality, fast shipping, and great customer service.",1
Do not buy this. It is a scam and poorly made.,0
Very happy with this product. It does exactly what it says.,1
"Very poor performance, incredibly slow and buggy.",0
Defective out of the box. Extremely frustrating.,0
Very happy with this product. It does exactly what it says.,1
Fantastic value for the money. Highly recommended.,1
Defective out of the box. Extremely frustrating.,0
The quality is awful and the customer service was rude.,0
Not worth the price. Cheap materials and bad design.,0
The quality is awful and the customer service was rude.,0
Defective out of the box. Extremely frustrating.,0
"Very poor performance, incredibly slow and buggy.",0
Arrived damaged and the return process is a nightmare.,0
I am very disappointed. It does not work as advertised.,0
"Incredible experience, I will definitely buy again.",1
Do not buy this. It is a scam and poorly made.,0
I hate this item. It is completely useless.,0
I am very disappointed. It does not work as advertised.,0
Superb build quality and excellent performance.,1
The quality is awful and the customer service was rude.,0
Very happy with this product. It does exactly what it says.,1
"High quality, fast shipping, and great customer service.",1
Not worth the price. Cheap materials and bad design.,0
Not worth the price. Cheap materials and bad design.,0
This product is amazing and works perfectly!,1
Fantastic value for the money. Highly recommended.,1
Very happy with this product. It does exactly what it says.,1
Terrible product. It broke after one day of use.,0
This product is amazing and works perfectly!,1
The battery life is amazing and the screen is super clear.,1
The quality is awful and the customer service was rude.,0
"Incredible experience, I will definitely buy again.",1
"Incredible experience, I will definitely buy again.",1
"Incredible experience, I will definitely buy again.",1
Do not buy this. It is a scam and poorly made.,0
Absolutely love it. The best purchase Ive made this year.,1
The quality is awful and the customer service was rude.,0
"Incredible experience, I will definitely buy again.",1
"Incredible experience, I will definitely buy again.",1
"High quality, fast shipping, and great customer service.",1
Absolutely love it. The best purchase Ive made this year.,1
I hate this item. It is completely useless.,0
"Incredible experience, I will definitely buy again.",1
"Very poor performance, incredibly slow and buggy.",0
Terrible product. It broke after one day of use.,0
Defective out of the box. Extremely frustrating.,0
The quality is awful and the customer service was rude.,0
Fantastic value for the money. Highly recommended.,1
The quality is awful and the customer service was rude.,0
Fantastic value for the money. Highly recommended.,1
Superb build quality and excellent performance.,1
This product is amazing and works perfectly!,1
"High quality, fast shipping, and great customer service.",1
The battery life is amazing and the screen is super clear.,1
Very happy with this product. It does exactly what it says.,1
I am very disappointed. It does not work as advertised.,0
Superb build quality and excellent performance.,1
Worst purchase ever. Complete waste of money.,0
"High quality, fast shipping, and great customer service.",1
Defective out of the box. Extremely frustrating.,0
Very happy with this product. It does exactly what it says.,1
Defective out of the box. Extremely frustrating.,0
Not worth the price. Cheap materials and bad design.,0
Do not buy this. It is a scam and poorly made.,0
Works great and looks beautiful. Five stars!,1
Worst purchase ever. Complete waste of money.,0
Absolutely love it. The best purchase Ive made this year.,1
"Very poor performance, incredibly slow and buggy.",0
Absolutely love it. The best purchase Ive made this year.,1
Works great and looks beautiful. Five stars!,1
"Very poor performance, incredibly slow and buggy.",0
Arrived damaged and the return process is a nightmare.,0
The quality is awful and the customer service was rude.,0
The battery life is amazing and the screen is super clear.,1
Absolutely love it. The best purchase Ive made this year.,1
Absolutely love it. The best purchase Ive made this year.,1
Arrived damaged and the return process is a nightmare.,0
Not worth the price. Cheap materials and bad design.,0
Absolutely love it. The best purchase Ive made this year.,1
The quality is awful and the customer service was rude.,0
Superb build quality and excellent performance.,1
Worst purchase ever. Complete waste of money.,0
Worst purchase ever. Complete waste of money.,0
Works great and looks beautiful. Five stars!,1
Arrived damaged and the return process is a nightmare.,0
The battery life is amazing and the screen is super clear.,1
Absolutely love it. The best purchase Ive made this year.,1
I hate this item. It is completely useless.,0
The quality is awful and the customer service was rude.,0
Worst purchase ever. Complete waste of money.,0
This product is amazing and works perfectly!,1
Works great and looks beautiful. Five stars!,1
Fantastic value for the money. Highly recommended.,1
Arrived damaged and the return process is a nightmare.,0
Defective out of the box. Extremely frustrating.,0
Very happy with this product. It does exactly what it says.,1
Fantastic value for the money. Highly recommended.,1
Superb build quality and excellent performance.,1
Absolutely love it. The best purchase Ive made this year.,1
The battery life is amazing and the screen is super clear.,1
I hate this item. It is completely useless.,0
Do not buy this. It is a scam and poorly made.,0
Works great and looks beautiful. Five stars!,1
"Very poor performance, incredibly slow and buggy.",0
Absolutely love it. The best purchase Ive made this year.,1
I am very satisfied with this item. It exceeds expectations.,1
Works great and looks beautiful. Five stars!,1
Terrible product. It broke after one day of use.,0
Very happy with this product. It does exactly what it says.,1
I am very satisfied with this item. It exceeds expectations.,1
Superb build quality and excellent performance.,1
Terrible product. It broke after one day of use.,0
The quality is awful and the customer service was rude.,0
"Very poor performance, incredibly slow and buggy.",0
Defective out of the box. Extremely frustrating.,0
Fantastic value for the money. Highly recommended.,1
Terrible product. It broke after one day of use.,0
Do not buy this. It is a scam and poorly made.,0
Worst purchase ever. Complete waste of money.,0
I am very satisfied with this item. It exceeds expectations.,1
"Very poor performance, incredibly slow and buggy.",0
Arrived damaged and the return process is a nightmare.,0
The quality is awful and the customer service was rude.,0
"Very poor performance, incredibly slow and buggy.",0
The battery life is amazing and the screen is super clear.,1
The quality is awful and the customer service was rude.,0
Not worth the price. Cheap materials and bad design.,0
Works great and looks beautiful. Five stars!,1
Worst purchase ever. Complete waste of money.,0
Terrible product. It broke after one day of use.,0
"Incredible experience, I will definitely buy again.",1
Fantastic value for the money. Highly recommended.,1
Terrible product. It broke after one day of use.,0
"Very poor performance, incredibly slow and buggy.",0
I hate this item. It is completely useless.,0
"High quality, fast shipping, and great customer service.",1
Absolutely love it. The best purchase Ive made this year.,1
I am very satisfied with this item. It exceeds expectations.,1
The battery life is amazing and the screen is super clear.,1
This product is amazing and works perfectly!,1
Superb build quality and excellent performance.,1
Arrived damaged and the return process is a nightmare.,0
Absolutely love it. The best purchase Ive made this year.,1
Works great and looks beautiful. Five stars!,1
Arrived damaged and the return process is a nightmare.,0
I am very satisfied with this item. It exceeds expectations.,1
Absolutely love it. The best purchase Ive made this year.,1
I am very satisfied with this item. It exceeds expectations.,1
Not worth the price. Cheap materials and bad design.,0
"Incredible experience, I will definitely buy again.",1
Worst purchase ever. Complete waste of money.,0
This product is amazing and works perfectly!,1
I am very disappointed. It does not work as advertised.,0
Worst purchase ever. Complete waste of money.,0
The battery life is amazing and the screen is super clear.,1
"High quality, fast shipping, and great customer service.",1
Very happy with this product. It does exactly what it says.,1
"Incredible experience, I will definitely buy again.",1
This product is amazing and works perfectly!,1
Fantastic value for the money. Highly recommended.,1
Superb build quality and excellent performance.,1
Absolutely love it. The best purchase Ive made this year.,1
Do not buy this. It is a scam and poorly made.,0
This product is amazing and works perfectly!,1
Terrible product. It broke after one day of use.,0
Absolutely love it. The best purchase Ive made this year.,1
Superb build quality and excellent performance.,1
This product is amazing and works perfectly!,1
Terrible product. It broke after one day of use.,0
Works great and looks beautiful. Five stars!,1
"High quality, fast shipping, and great customer service.",1
